"id","provider","source_ids","licence_class","attribution","source_url"
"curve_10y_3m","fred","T10Y3M","citation-required","Source: Federal Reserve Bank of St. Louis via FRED","https://fred.stlouisfed.org/series/T10Y3M"
"curve_10y_2y","fred","T10Y2Y","citation-required","Source: Federal Reserve Bank of St. Louis via FRED","https://fred.stlouisfed.org/series/T10Y2Y"
"sahm_realtime","fred","SAHMREALTIME","public-domain","Source: Sahm, Claudia via FRED","https://fred.stlouisfed.org/series/SAHMREALTIME"
"recession_prob_chauvet_piger","fred","RECPROUSM156N","public-domain","Source: Piger, Jeremy Max via FRED","https://fred.stlouisfed.org/series/RECPROUSM156N"
"nfci","fred","NFCI","citation-required","Source: Federal Reserve Bank of Chicago via FRED","https://fred.stlouisfed.org/series/NFCI"
"anfci","fred","ANFCI","citation-required","Source: Federal Reserve Bank of Chicago via FRED","https://fred.stlouisfed.org/series/ANFCI"
"stl_financial_stress","fred","STLFSI4","citation-required","Source: Federal Reserve Bank of St. Louis via FRED","https://fred.stlouisfed.org/series/STLFSI4"
"fed_balance_sheet","fred","WALCL","public-domain","Source: Board of Governors of the Federal Reserve System (US) via FRED","https://fred.stlouisfed.org/series/WALCL"
"treasury_general_account","fred","WTREGEN","public-domain","Source: Board of Governors of the Federal Reserve System (US) via FRED","https://fred.stlouisfed.org/series/WTREGEN"
"reverse_repo","fred","RRPONTSYD","citation-required","Source: Federal Reserve Bank of New York via FRED","https://fred.stlouisfed.org/series/RRPONTSYD"
"net_liquidity","transform","WALCL;WTREGEN;RRPONTSYD","citation-required","Source: Board of Governors of the Federal Reserve System (US); Federal Reserve Bank of New York via FRED","https://fred.stlouisfed.org/series/WALCL;https://fred.stlouisfed.org/series/WTREGEN;https://fred.stlouisfed.org/series/RRPONTSYD"
"m2","fred","M2SL","public-domain","Source: Board of Governors of the Federal Reserve System (US) via FRED","https://fred.stlouisfed.org/series/M2SL"
"sloos_ci_tightening","fred","DRTSCILM","public-domain","Source: Board of Governors of the Federal Reserve System (US) via FRED","https://fred.stlouisfed.org/series/DRTSCILM"
"hy_oas","fred","BAMLH0A0HYM2","pre-approval","Source: ICE Data Indices, LLC via FRED","https://fred.stlouisfed.org/series/BAMLH0A0HYM2"
"ig_oas","fred","BAMLC0A0CM","pre-approval","Source: ICE Data Indices, LLC via FRED","https://fred.stlouisfed.org/series/BAMLC0A0CM"
"hy_minus_ig","transform","BAMLH0A0HYM2;BAMLC0A0CM","pre-approval","Source: ICE Data Indices, LLC via FRED","https://fred.stlouisfed.org/series/BAMLH0A0HYM2;https://fred.stlouisfed.org/series/BAMLC0A0CM"
"ust_3m","fred","DGS3MO","public-domain","Source: Board of Governors of the Federal Reserve System (US) via FRED","https://fred.stlouisfed.org/series/DGS3MO"
"ust_2y","fred","DGS2","public-domain","Source: Board of Governors of the Federal Reserve System (US) via FRED","https://fred.stlouisfed.org/series/DGS2"
"ust_10y","fred","DGS10","public-domain","Source: Board of Governors of the Federal Reserve System (US) via FRED","https://fred.stlouisfed.org/series/DGS10"
"effr","fred","EFFR","citation-required","Source: Federal Reserve Bank of New York via FRED","https://fred.stlouisfed.org/series/EFFR"
"ecb_policy_rate","ecb","ECB/FM/B.U2.EUR.4F.KR.DFR.LEV","ecb-terms","Source: European Central Bank (ECB Data Portal)","https://data.ecb.europa.eu/data/datasets/FM/FM.B.U2.EUR.4F.KR.DFR.LEV"
"breakeven_5y","fred","T5YIE","citation-required","Source: Federal Reserve Bank of St. Louis via FRED","https://fred.stlouisfed.org/series/T5YIE"
"breakeven_10y","fred","T10YIE","citation-required","Source: Federal Reserve Bank of St. Louis via FRED","https://fred.stlouisfed.org/series/T10YIE"
"breakeven_5y5y_fwd","fred","T5YIFR","citation-required","Source: Federal Reserve Bank of St. Louis via FRED","https://fred.stlouisfed.org/series/T5YIFR"
"umich_inflation_exp_1y","fred","MICH","citation-required","Source: University of Michigan via FRED","https://fred.stlouisfed.org/series/MICH"
"cpi_headline","fred","CPIAUCSL","public-domain","Source: U.S. Bureau of Labor Statistics via FRED","https://fred.stlouisfed.org/series/CPIAUCSL"
"cpi_core","fred","CPILFESL","public-domain","Source: U.S. Bureau of Labor Statistics via FRED","https://fred.stlouisfed.org/series/CPILFESL"
"pce_core","fred","PCEPILFE","public-domain","Source: U.S. Bureau of Economic Analysis via FRED","https://fred.stlouisfed.org/series/PCEPILFE"
"ppi_final_demand","fred","PPIFIS","public-domain","Source: U.S. Bureau of Labor Statistics via FRED","https://fred.stlouisfed.org/series/PPIFIS"
"oecd_cli","oecd","DF_CLI:G20","cc-by-4.0","Source: OECD Composite Leading Indicators (CC BY 4.0)","https://data-explorer.oecd.org/"
"empire_state_mfg","fred","GACDISA066MSFRBNY","citation-required","Source: Federal Reserve Bank of New York via FRED","https://fred.stlouisfed.org/series/GACDISA066MSFRBNY"
"philly_fed_mfg","fred","GACDFSA066MSFRBPHI","citation-required","Source: Federal Reserve Bank of Philadelphia via FRED","https://fred.stlouisfed.org/series/GACDFSA066MSFRBPHI"
"industrial_production","fred","INDPRO","public-domain","Source: Board of Governors of the Federal Reserve System (US) via FRED","https://fred.stlouisfed.org/series/INDPRO"
"real_gdp","fred","GDPC1","public-domain","Source: U.S. Bureau of Economic Analysis via FRED","https://fred.stlouisfed.org/series/GDPC1"
"initial_claims","fred","ICSA","public-domain","Source: U.S. Employment and Training Administration via FRED","https://fred.stlouisfed.org/series/ICSA"
"continuing_claims","fred","CCSA","public-domain","Source: U.S. Employment and Training Administration via FRED","https://fred.stlouisfed.org/series/CCSA"
"jolts_quits_rate","fred","JTSQUR","public-domain","Source: U.S. Bureau of Labor Statistics via FRED","https://fred.stlouisfed.org/series/JTSQUR"
"jolts_openings","fred","JTSJOL","public-domain","Source: U.S. Bureau of Labor Statistics via FRED","https://fred.stlouisfed.org/series/JTSJOL"
"temp_help_employment","fred","TEMPHELPS","public-domain","Source: U.S. Bureau of Labor Statistics via FRED","https://fred.stlouisfed.org/series/TEMPHELPS"
"avg_weekly_hours_mfg","fred","AWHMAN","public-domain","Source: U.S. Bureau of Labor Statistics via FRED","https://fred.stlouisfed.org/series/AWHMAN"
"nonfarm_payrolls","fred","PAYEMS","public-domain","Source: U.S. Bureau of Labor Statistics via FRED","https://fred.stlouisfed.org/series/PAYEMS"
"unemployment_rate","fred","UNRATE","public-domain","Source: U.S. Bureau of Labor Statistics via FRED","https://fred.stlouisfed.org/series/UNRATE"
"brent","fred","DCOILBRENTEU","public-domain","Source: U.S. Energy Information Administration via FRED","https://fred.stlouisfed.org/series/DCOILBRENTEU"
"wti","fred","DCOILWTICO","public-domain","Source: U.S. Energy Information Administration via FRED","https://fred.stlouisfed.org/series/DCOILWTICO"
"henry_hub_gas","fred","DHHNGSP","public-domain","Source: U.S. Energy Information Administration via FRED","https://fred.stlouisfed.org/series/DHHNGSP"
"copper_global","fred","PCOPPUSDM","citation-required","Source: International Monetary Fund via FRED","https://fred.stlouisfed.org/series/PCOPPUSDM"
"umich_sentiment","fred","UMCSENT","citation-required","Source: University of Michigan via FRED","https://fred.stlouisfed.org/series/UMCSENT"
"building_permits","fred","PERMIT","public-domain","Source: U.S. Census Bureau; U.S. Department of Housing and Urban Development via FRED","https://fred.stlouisfed.org/series/PERMIT"
"housing_starts","fred","HOUST","public-domain","Source: U.S. Census Bureau; U.S. Department of Housing and Urban Development via FRED","https://fred.stlouisfed.org/series/HOUST"
"retail_sales_control_group","fred","RRSFS","citation-required","Source: Federal Reserve Bank of St. Louis via FRED","https://fred.stlouisfed.org/series/RRSFS"
"sp500","fred","SP500","pre-approval","Source: S&P Dow Jones Indices LLC via FRED","https://fred.stlouisfed.org/series/SP500"
"vix","fred","VIXCLS","citation-required","Source: Chicago Board Options Exchange via FRED","https://fred.stlouisfed.org/series/VIXCLS"
"broad_usd","fred","DTWEXBGS","public-domain","Source: Board of Governors of the Federal Reserve System (US) via FRED","https://fred.stlouisfed.org/series/DTWEXBGS"
"epu_us_daily","fred","USEPUINDXD","public-domain","Source: Baker, Scott R.; Bloom, Nick; Davis, Steven J. via FRED","https://fred.stlouisfed.org/series/USEPUINDXD"
"epu_global","fred","GEPUCURRENT","public-domain","Source: Baker, Scott R.; Bloom, Nick; Davis, Steven J. via FRED","https://fred.stlouisfed.org/series/GEPUCURRENT"
"buffett_indicator","transform","NCBEILQ027S;GDP","public-domain","Source: Board of Governors of the Federal Reserve System (US); U.S. Bureau of Economic Analysis via FRED","https://fred.stlouisfed.org/series/NCBEILQ027S;https://fred.stlouisfed.org/series/GDP"
"real_10y_yield","fred","DFII10","public-domain","Source: Board of Governors of the Federal Reserve System (US) via FRED","https://fred.stlouisfed.org/series/DFII10"
"case_shiller_price_rent","transform","CSUSHPINSA;CUSR0000SEHA","pre-approval","Source: S&P Dow Jones Indices LLC; U.S. Bureau of Labor Statistics via FRED","https://fred.stlouisfed.org/series/CSUSHPINSA;https://fred.stlouisfed.org/series/CUSR0000SEHA"
"household_debt_service_ratio","fred","TDSP","public-domain","Source: Board of Governors of the Federal Reserve System (US) via FRED","https://fred.stlouisfed.org/series/TDSP"
"ea_10y","fred","IRLTLT01EZM156N","citation-required","Source: Organization for Economic Co-operation and Development via FRED","https://fred.stlouisfed.org/series/IRLTLT01EZM156N"
"de_10y","fred","IRLTLT01DEM156N","citation-required","Source: Organization for Economic Co-operation and Development via FRED","https://fred.stlouisfed.org/series/IRLTLT01DEM156N"
"fr_10y","fred","IRLTLT01FRM156N","citation-required","Source: Organization for Economic Co-operation and Development via FRED","https://fred.stlouisfed.org/series/IRLTLT01FRM156N"
"it_10y","fred","IRLTLT01ITM156N","citation-required","Source: Organization for Economic Co-operation and Development via FRED","https://fred.stlouisfed.org/series/IRLTLT01ITM156N"
"uk_10y","fred","IRLTLT01GBM156N","citation-required","Source: Organization for Economic Co-operation and Development via FRED","https://fred.stlouisfed.org/series/IRLTLT01GBM156N"
"jp_10y","fred","IRLTLT01JPM156N","citation-required","Source: Organization for Economic Co-operation and Development via FRED","https://fred.stlouisfed.org/series/IRLTLT01JPM156N"
"ca_10y","fred","IRLTLT01CAM156N","citation-required","Source: Organization for Economic Co-operation and Development via FRED","https://fred.stlouisfed.org/series/IRLTLT01CAM156N"
"cli_g7","oecd","DF_CLI:G7","cc-by-4.0","Source: OECD Composite Leading Indicators (CC BY 4.0)","https://data-explorer.oecd.org/"
"cli_uk","oecd","DF_CLI:GBR","cc-by-4.0","Source: OECD Composite Leading Indicators (CC BY 4.0)","https://data-explorer.oecd.org/"
"cli_japan","oecd","DF_CLI:JPN","cc-by-4.0","Source: OECD Composite Leading Indicators (CC BY 4.0)","https://data-explorer.oecd.org/"
"cli_germany","oecd","DF_CLI:DEU","cc-by-4.0","Source: OECD Composite Leading Indicators (CC BY 4.0)","https://data-explorer.oecd.org/"
"cli_china","oecd","DF_CLI:CHN","cc-by-4.0","Source: OECD Composite Leading Indicators (CC BY 4.0)","https://data-explorer.oecd.org/"
"cli_india","oecd","DF_CLI:IND","cc-by-4.0","Source: OECD Composite Leading Indicators (CC BY 4.0)","https://data-explorer.oecd.org/"
"cli_korea","oecd","DF_CLI:KOR","cc-by-4.0","Source: OECD Composite Leading Indicators (CC BY 4.0)","https://data-explorer.oecd.org/"
"cli_brazil","oecd","DF_CLI:BRA","cc-by-4.0","Source: OECD Composite Leading Indicators (CC BY 4.0)","https://data-explorer.oecd.org/"
"unemp_uk","fred","LRHUTTTTGBM156S","citation-required","Source: Organization for Economic Co-operation and Development via FRED","https://fred.stlouisfed.org/series/LRHUTTTTGBM156S"
"unemp_japan","fred","LRHUTTTTJPM156S","citation-required","Source: Organization for Economic Co-operation and Development via FRED","https://fred.stlouisfed.org/series/LRHUTTTTJPM156S"
"unemp_germany","fred","LRHUTTTTDEM156S","citation-required","Source: Organization for Economic Co-operation and Development via FRED","https://fred.stlouisfed.org/series/LRHUTTTTDEM156S"
"hicp_ea","eurostat","Eurostat/prc_hicp_minr/M.RCH_A.TOTAL.EA20","cc-by-4.0","Source: Eurostat (CC BY 4.0)","https://ec.europa.eu/eurostat/databrowser/view/prc_hicp_minr/default/table?lang=en"
"hicp_eu","eurostat","Eurostat/prc_hicp_minr/M.RCH_A.TOTAL.EU27_2020","cc-by-4.0","Source: Eurostat (CC BY 4.0)","https://ec.europa.eu/eurostat/databrowser/view/prc_hicp_minr/default/table?lang=en"
"hicp_de","eurostat","Eurostat/prc_hicp_minr/M.RCH_A.TOTAL.DE","cc-by-4.0","Source: Eurostat (CC BY 4.0)","https://ec.europa.eu/eurostat/databrowser/view/prc_hicp_minr/default/table?lang=en"
"hicp_fr","eurostat","Eurostat/prc_hicp_minr/M.RCH_A.TOTAL.FR","cc-by-4.0","Source: Eurostat (CC BY 4.0)","https://ec.europa.eu/eurostat/databrowser/view/prc_hicp_minr/default/table?lang=en"
"rate_3m_euro","fred","IR3TIB01EZM156N","citation-required","Source: Organization for Economic Co-operation and Development via FRED","https://fred.stlouisfed.org/series/IR3TIB01EZM156N"
"rate_3m_uk","fred","IR3TIB01GBM156N","citation-required","Source: Organization for Economic Co-operation and Development via FRED","https://fred.stlouisfed.org/series/IR3TIB01GBM156N"
"rate_3m_japan","fred","IR3TIB01JPM156N","citation-required","Source: Organization for Economic Co-operation and Development via FRED","https://fred.stlouisfed.org/series/IR3TIB01JPM156N"
"rate_3m_canada","fred","IR3TIB01CAM156N","citation-required","Source: Organization for Economic Co-operation and Development via FRED","https://fred.stlouisfed.org/series/IR3TIB01CAM156N"
"cpi_uk","imf","IMF.STA/CPI/GBR.CPI._T.YOY_PCH_PA_PT.M","imf-data-terms","Source: International Monetary Fund, Consumer Price Index (CPI)","https://data.imf.org/en/datasets/IMF.STA:CPI"
"cpi_japan","imf","IMF.STA/CPI/JPN.CPI._T.YOY_PCH_PA_PT.M","imf-data-terms","Source: International Monetary Fund, Consumer Price Index (CPI)","https://data.imf.org/en/datasets/IMF.STA:CPI"
"cpi_china","imf","IMF.STA/CPI/CHN.CPI._T.YOY_PCH_PA_PT.M","imf-data-terms","Source: International Monetary Fund, Consumer Price Index (CPI)","https://data.imf.org/en/datasets/IMF.STA:CPI"
"cpi_india","imf","IMF.STA/CPI/IND.CPI._T.YOY_PCH_PA_PT.M","imf-data-terms","Source: International Monetary Fund, Consumer Price Index (CPI)","https://data.imf.org/en/datasets/IMF.STA:CPI"
