"id","provider","access","ref","theme","frequency","status","rows","last_date","note"
"curve_10y_3m","fred","fred","T10Y3M","recession_watch","daily","ok",342,"2026-09-11",""
"curve_10y_2y","fred","fred","T10Y2Y","recession_watch","daily","ok",342,"2026-09-11",""
"sahm_realtime","fred","fred","SAHMREALTIME","recession_watch","monthly","ok",15,"2026-08-01",""
"recession_prob_chauvet_piger","fred","fred","RECPROUSM156N","recession_watch","monthly","ok",15,"2026-07-01",""
"nyfed_curve_recession_prob","nyfed","csv","/medialibrary/media/research/capital_markets/Prob_Rec.xlsx","recession_watch","monthly","pending:csv",NA,NA,"pending: nyfed csv fetcher (later phase)"
"nfci","fred","fred","NFCI","financial_conditions","weekly","ok",71,"2026-09-04",""
"anfci","fred","fred","ANFCI","financial_conditions","weekly","ok",71,"2026-09-04",""
"stl_financial_stress","fred","fred","STLFSI4","financial_conditions","weekly","ok",71,"2026-09-04",""
"fed_balance_sheet","fred","fred","WALCL","liquidity","weekly","ok",71,"2026-09-09",""
"treasury_general_account","fred","fred","WTREGEN","liquidity","weekly","ok",71,"2026-09-09",""
"reverse_repo","fred","fred","RRPONTSYD","liquidity","daily","ok",341,"2026-09-11",""
"net_liquidity","transform","transform",NA,"liquidity","weekly","ok",341,"2026-09-11",""
"m2","fred","fred","M2SL","liquidity","monthly","ok",15,"2026-07-01",""
"sloos_ci_tightening","fred","fred","DRTSCILM","credit","quarterly","ok",6,"2026-07-01",""
"hy_oas","fred","fred","BAMLH0A0HYM2","credit","daily","ok",360,"2026-09-10",""
"ig_oas","fred","fred","BAMLC0A0CM","credit","daily","ok",360,"2026-09-10",""
"hy_minus_ig","transform","transform",NA,"credit","daily","ok",360,"2026-09-10",""
"move_index","proprietary","manual",NA,"credit","daily","manual",NA,NA,"flagged tile"
"ust_3m","fred","fred","DGS3MO","rates","daily","ok",341,"2026-09-10",""
"ust_2y","fred","fred","DGS2","rates","daily","ok",341,"2026-09-10",""
"ust_10y","fred","fred","DGS10","rates","daily","ok",341,"2026-09-10",""
"effr","fred","fred","EFFR","rates","daily","ok",342,"2026-09-10",""
"fed_funds_futures_path","proprietary","scrape",NA,"rates","daily","pending:scrape",NA,NA,"pending: scrape fetcher (later phase)"
"ecb_policy_rate","dbnomics","dbnomics","ECB/FM","rates","event","ok",3,"2026-06-17",""
"breakeven_5y","fred","fred","T5YIE","inflation","daily","ok",342,"2026-09-11",""
"breakeven_10y","fred","fred","T10YIE","inflation","daily","ok",342,"2026-09-11",""
"breakeven_5y5y_fwd","fred","fred","T5YIFR","inflation","daily","ok",342,"2026-09-11",""
"umich_inflation_exp_1y","fred","fred","MICH","inflation","monthly","ok",15,"2026-07-01",""
"cpi_headline","fred","fred","CPIAUCSL","inflation","monthly","ok",15,"2026-08-01",""
"cpi_core","fred","fred","CPILFESL","inflation","monthly","ok",15,"2026-08-01",""
"pce_core","fred","fred","PCEPILFE","inflation","monthly","ok",15,"2026-07-01",""
"ppi_final_demand","fred","fred","PPIFIS","inflation","monthly","ok",16,"2026-08-01",""
"oecd_cli","dbnomics","dbnomics","OECD/MEI_CLI","cycle","monthly","ok",16,"2026-08-01",""
"global_pmi_mfg","proprietary","manual",NA,"cycle","monthly","manual",NA,NA,"flagged tile"
"ism_mfg_new_orders","proprietary","manual",NA,"cycle","monthly","manual",NA,NA,"flagged tile"
"conference_board_lei","proprietary","manual",NA,"cycle","monthly","manual",NA,NA,"flagged tile"
"empire_state_mfg","fred","fred","GACDISA066MSFRBNY","cycle","monthly","ok",16,"2026-08-01",""
"philly_fed_mfg","fred","fred","GACDFSA066MSFRBPHI","cycle","monthly","ok",16,"2026-08-01",""
"gdpnow","atlantafed","api","/cqer/research/gdpnow","cycle","weekly","pending:api",NA,NA,"pending: atlantafed api fetcher (later phase)"
"industrial_production","fred","fred","INDPRO","cycle","monthly","ok",15,"2026-07-01",""
"real_gdp","fred","fred","GDPC1","cycle","quarterly","ok",5,"2026-04-01",""
"initial_claims","fred","fred","ICSA","labor","weekly","ok",71,"2026-09-05",""
"continuing_claims","fred","fred","CCSA","labor","weekly","ok",70,"2026-08-29",""
"jolts_quits_rate","fred","fred","JTSQUR","labor","monthly","ok",15,"2026-07-01",""
"jolts_openings","fred","fred","JTSJOL","labor","monthly","ok",15,"2026-07-01",""
"temp_help_employment","fred","fred","TEMPHELPS","labor","monthly","ok",16,"2026-08-01",""
"avg_weekly_hours_mfg","fred","fred","AWHMAN","labor","monthly","ok",16,"2026-08-01",""
"nonfarm_payrolls","fred","fred","PAYEMS","labor","monthly","ok",16,"2026-08-01",""
"unemployment_rate","fred","fred","UNRATE","labor","monthly","ok",15,"2026-08-01",""
"world_trade_monitor","cpb","csv","/en/worldtrademonitor","trade","monthly","pending:csv",NA,NA,"pending: cpb csv fetcher (later phase)"
"baltic_dry_index","proprietary","manual",NA,"trade","daily","manual",NA,NA,"flagged tile"
"korea_exports","dbnomics","dbnomics","national source (KR customs)","trade","monthly","pending:dbnomics",NA,NA,"pending: dbnomics series_code not resolved (no override)"
"brent","fred","fred","DCOILBRENTEU","energy","daily","ok",344,"2026-09-09",""
"wti","fred","fred","DCOILWTICO","energy","daily","ok",339,"2026-09-09",""
"us_crude_inventories","eia","api","petroleum/stoc/wstk","energy","weekly","pending:api",NA,NA,"pending: eia api fetcher (later phase)"
"henry_hub_gas","fred","fred","DHHNGSP","energy","daily","ok",337,"2026-09-09",""
"copper_global","fred","fred","PCOPPUSDM","commodities","monthly","ok",15,"2026-07-01",""
"copper_gold_ratio","transform","transform",NA,"commodities","daily","pending:transform",NA,NA,"pending: transform inputs are not FRED ids (needs another provider)"
"umich_sentiment","fred","fred","UMCSENT","consumer","monthly","ok",15,"2026-07-01",""
"building_permits","fred","fred","PERMIT","housing","monthly","ok",15,"2026-07-01",""
"housing_starts","fred","fred","HOUST","housing","monthly","ok",15,"2026-07-01",""
"nahb_sentiment","proprietary","manual",NA,"housing","monthly","manual",NA,NA,"flagged tile"
"mba_mortgage_apps","proprietary","manual",NA,"housing","weekly","manual",NA,NA,"flagged tile"
"retail_sales_control_group","fred","fred","RRSFS","consumer","monthly","ok",14,"2026-07-01",""
"household_debt_delinquency","nyfed","csv","/microeconomics/hhdc","consumer","quarterly","pending:csv",NA,NA,"pending: nyfed csv fetcher (later phase)"
"sp500","fred","fred","SP500","markets","daily","ok",343,"2026-09-11",""
"vix","fred","fred","VIXCLS","markets","daily","ok",353,"2026-09-10",""
"broad_usd","fred","fred","DTWEXBGS","markets","daily","ok",338,"2026-09-04",""
"aaii_sentiment","proprietary","scrape",NA,"markets","weekly","pending:scrape",NA,NA,"pending: scrape fetcher (later phase)"
"china_credit_impulse","transform","transform",NA,"china","monthly","pending:transform",NA,NA,"pending: transform formula needs non-FRED inputs"
"china_industrial_production","dbnomics","dbnomics","national source (NBS)","china","monthly","pending:dbnomics",NA,NA,"pending: dbnomics series_code not resolved (no override)"
"bis_credit_to_gdp_gap","dbnomics","dbnomics","BIS/...","china","quarterly","pending:dbnomics",NA,NA,"pending: dbnomics series_code not resolved (no override)"
"epu_us_daily","fred","fred","USEPUINDXD","uncertainty","daily","ok",498,"2026-09-10",""
"epu_global","fred","fred","GEPUCURRENT","uncertainty","monthly","ok",15,"2026-07-01",""
"geopolitical_risk_index","gpr","csv","/gpr.htm","uncertainty","monthly","pending:csv",NA,NA,"pending: gpr csv fetcher (later phase)"
"shiller_cape","shiller","csv","/ie_data.xls","bubbles","monthly","pending:csv",NA,NA,"pending: shiller csv fetcher (later phase)"
"excess_cape_yield","transform","transform",NA,"bubbles","monthly","pending:transform",NA,NA,"pending: transform formula needs non-FRED inputs"
"buffett_indicator","transform","transform",NA,"bubbles","monthly","ok",4,"2026-04-01",""
"tobins_q","transform","transform",NA,"bubbles","quarterly","pending:transform",NA,NA,"pending: transform inputs are not FRED ids (needs another provider)"
"finra_margin_debt","finra","csv","/investors/margin-statistics","bubbles","monthly","pending:csv",NA,NA,"pending: finra csv fetcher (later phase)"
"margin_debt_to_gdp","transform","transform",NA,"bubbles","monthly","pending:transform",NA,NA,"pending: transform formula needs non-FRED inputs"
"naaim_exposure","naaim","scrape",NA,"bubbles","weekly","pending:scrape",NA,NA,"pending: scrape fetcher (later phase)"
"real_10y_yield","fred","fred","DFII10","bubbles","daily","ok",341,"2026-09-10",""
"crypto_total_mktcap","coingecko","api","/global","bubbles","daily","pending:api",NA,NA,"pending: coingecko api fetcher (later phase)"
"concentration_proxy_rsp_spy","transform","market",NA,"bubbles","daily","pending:market",NA,NA,"pending: market fetcher (later phase)"
"breadth_pct_above_200dma","transform","market",NA,"bubbles","daily","pending:market",NA,NA,"pending: market fetcher (later phase)"
"google_trends_speculation","googletrends","api",NA,"bubbles","weekly","pending:api",NA,NA,"pending: googletrends api fetcher (later phase)"
"ipo_spac_issuance","proprietary","manual",NA,"bubbles","monthly","manual",NA,NA,"flagged tile"
"case_shiller_price_rent","transform","transform",NA,"bubbles","monthly","ok",16,"2026-08-01",""
"oecd_house_price_to_income","dbnomics","dbnomics","OECD (analytical house prices)","bubbles","quarterly","pending:dbnomics",NA,NA,"pending: dbnomics series_code not resolved (no override)"
"household_debt_service_ratio","fred","fred","TDSP","bubbles","quarterly","ok",4,"2026-01-01",""
"froth_composite","transform","transform",NA,"bubbles","monthly","pending:transform",NA,NA,"pending: transform inputs are not FRED ids (needs another provider)"
"ea_10y","fred","fred","IRLTLT01EZM156N","rates","monthly","ok",9,"2026-01-01",""
"de_10y","fred","fred","IRLTLT01DEM156N","rates","monthly","ok",14,"2026-06-01",""
"fr_10y","fred","fred","IRLTLT01FRM156N","rates","monthly","ok",14,"2026-06-01",""
"it_10y","fred","fred","IRLTLT01ITM156N","rates","monthly","ok",14,"2026-06-01",""
"uk_10y","fred","fred","IRLTLT01GBM156N","rates","monthly","ok",14,"2026-06-01",""
"jp_10y","fred","fred","IRLTLT01JPM156N","rates","monthly","ok",14,"2026-06-01",""
"ca_10y","fred","fred","IRLTLT01CAM156N","rates","monthly","ok",14,"2026-06-01",""
"cli_g7","oecd","sdmx",NA,"cycle","monthly","ok",16,"2026-08-01",""
"cli_uk","oecd","sdmx",NA,"cycle","monthly","ok",16,"2026-08-01",""
"cli_japan","oecd","sdmx",NA,"cycle","monthly","ok",16,"2026-08-01",""
"cli_germany","oecd","sdmx",NA,"cycle","monthly","ok",16,"2026-08-01",""
"cli_china","oecd","sdmx",NA,"leaders","monthly","ok",16,"2026-08-01",""
"cli_india","oecd","sdmx",NA,"leaders","monthly","ok",16,"2026-08-01",""
"cli_korea","oecd","sdmx",NA,"leaders","monthly","ok",16,"2026-08-01",""
"cli_brazil","oecd","sdmx",NA,"leaders","monthly","ok",16,"2026-08-01",""
"unemp_uk","fred","fred","LRHUTTTTGBM156S","labor","monthly","ok",12,"2026-04-01",""
"unemp_japan","fred","fred","LRHUTTTTJPM156S","labor","monthly","ok",14,"2026-06-01",""
"unemp_germany","fred","fred","LRHUTTTTDEM156S","labor","monthly","ok",14,"2026-06-01",""
"hicp_ea","eurostat","sdmx","M.RCH_A.TOTAL.EA20","inflation","monthly","ok",16,"2026-08-01",""
"hicp_eu","eurostat","sdmx","M.RCH_A.TOTAL.EU27_2020","inflation","monthly","ok",15,"2026-07-01",""
"hicp_de","eurostat","sdmx","M.RCH_A.TOTAL.DE","inflation","monthly","ok",16,"2026-08-01",""
"hicp_fr","eurostat","sdmx","M.RCH_A.TOTAL.FR","inflation","monthly","ok",16,"2026-08-01",""
"rate_3m_euro","fred","fred","IR3TIB01EZM156N","rates","monthly","ok",9,"2026-01-01",""
"rate_3m_uk","fred","fred","IR3TIB01GBM156N","rates","monthly","ok",9,"2026-01-01",""
"rate_3m_japan","fred","fred","IR3TIB01JPM156N","rates","monthly","ok",13,"2026-05-01",""
"rate_3m_canada","fred","fred","IR3TIB01CAM156N","rates","monthly","ok",14,"2026-06-01",""
"cpi_uk","imf","sdmx","GBR.CPI._T.YOY_PCH_PA_PT.M","inflation","monthly","ok",15,"2026-07-01",""
"cpi_japan","imf","sdmx","JPN.CPI._T.YOY_PCH_PA_PT.M","inflation","monthly","ok",14,"2026-06-01",""
"cpi_china","imf","sdmx","CHN.CPI._T.YOY_PCH_PA_PT.M","leaders","monthly","ok",15,"2026-07-01",""
"cpi_india","imf","sdmx","IND.CPI._T.YOY_PCH_PA_PT.M","leaders","monthly","ok",15,"2026-07-01",""
"pmi_euro","proprietary","manual",NA,"cycle","monthly","manual",NA,NA,"flagged tile"
"pmi_uk","proprietary","manual",NA,"cycle","monthly","manual",NA,NA,"flagged tile"
"pmi_japan","proprietary","manual",NA,"cycle","monthly","manual",NA,NA,"flagged tile"
"pmi_china","proprietary","manual",NA,"leaders","monthly","manual",NA,NA,"flagged tile"
"pmi_india","proprietary","manual",NA,"leaders","monthly","manual",NA,NA,"flagged tile"
